sample_id,expected_sample_id,raw_response,status,error,sample_id_esp32,sample_id_match,SOH_esp32,inference_time_ms,free_heap,min_free_heap,max_alloc_heap
soh_v1_1_0000,soh_v1_1_0000,"soh_v1_1_0000,1.000785,0.335000,277220,271896,110580",OK,,soh_v1_1_0000,True,1.000785,0.335,277220,271896,110580
soh_v1_1_0001,soh_v1_1_0001,"soh_v1_1_0001,0.991239,0.252000,277204,271880,110580",OK,,soh_v1_1_0001,True,0.991239,0.252,277204,271880,110580
soh_v1_1_0002,soh_v1_1_0002,"soh_v1_1_0002,0.978636,0.250000,277204,271880,110580",OK,,soh_v1_1_0002,True,0.978636,0.25,277204,271880,110580
soh_v1_1_0003,soh_v1_1_0003,"soh_v1_1_0003,0.968705,0.261000,277204,271880,110580",OK,,soh_v1_1_0003,True,0.968705,0.261,277204,271880,110580
soh_v1_1_0004,soh_v1_1_0004,"soh_v1_1_0004,0.965909,0.251000,277204,271880,110580",OK,,soh_v1_1_0004,True,0.965909,0.251,277204,271880,110580
soh_v1_1_0005,soh_v1_1_0005,"soh_v1_1_0005,0.963576,0.252000,277204,271880,110580",OK,,soh_v1_1_0005,True,0.963576,0.252,277204,271880,110580
soh_v1_1_0006,soh_v1_1_0006,"soh_v1_1_0006,0.955999,0.250000,277204,271880,110580",OK,,soh_v1_1_0006,True,0.955999,0.25,277204,271880,110580
soh_v1_1_0007,soh_v1_1_0007,"soh_v1_1_0007,0.960117,0.253000,277204,271880,110580",OK,,soh_v1_1_0007,True,0.960117,0.253,277204,271880,110580
soh_v1_1_0008,soh_v1_1_0008,"soh_v1_1_0008,0.959557,0.251000,277204,271880,110580",OK,,soh_v1_1_0008,True,0.959557,0.251,277204,271880,110580
soh_v1_1_0009,soh_v1_1_0009,"soh_v1_1_0009,0.952103,0.252000,277204,271880,110580",OK,,soh_v1_1_0009,True,0.952103,0.252,277204,271880,110580
soh_v1_1_0010,soh_v1_1_0010,"soh_v1_1_0010,0.946661,0.250000,277204,271880,110580",OK,,soh_v1_1_0010,True,0.946661,0.25,277204,271880,110580
soh_v1_1_0011,soh_v1_1_0011,"soh_v1_1_0011,0.942806,0.253000,277204,271880,110580",OK,,soh_v1_1_0011,True,0.942806,0.253,277204,271880,110580
soh_v1_1_0012,soh_v1_1_0012,"soh_v1_1_0012,0.938448,0.251000,277204,271880,110580",OK,,soh_v1_1_0012,True,0.938448,0.251,277204,271880,110580
soh_v1_1_0013,soh_v1_1_0013,"soh_v1_1_0013,0.934126,0.253000,277204,271880,110580",OK,,soh_v1_1_0013,True,0.934126,0.253,277204,271880,110580
soh_v1_1_0014,soh_v1_1_0014,"soh_v1_1_0014,0.930923,0.251000,277204,271880,110580",OK,,soh_v1_1_0014,True,0.930923,0.251,277204,271880,110580
soh_v1_1_0015,soh_v1_1_0015,"soh_v1_1_0015,0.921019,0.253000,277220,271880,110580",OK,,soh_v1_1_0015,True,0.921019,0.253,277220,271880,110580
soh_v1_1_0016,soh_v1_1_0016,"soh_v1_1_0016,0.910919,0.251000,277204,271880,110580",OK,,soh_v1_1_0016,True,0.910919,0.251,277204,271880,110580
soh_v1_1_0017,soh_v1_1_0017,"soh_v1_1_0017,0.908464,0.262000,277204,271880,110580",OK,,soh_v1_1_0017,True,0.908464,0.262,277204,271880,110580
soh_v1_1_0018,soh_v1_1_0018,"soh_v1_1_0018,0.903824,0.250000,277204,271880,110580",OK,,soh_v1_1_0018,True,0.903824,0.25,277204,271880,110580
soh_v1_1_0019,soh_v1_1_0019,"soh_v1_1_0019,0.901762,0.253000,277204,271880,110580",OK,,soh_v1_1_0019,True,0.901762,0.253,277204,271880,110580
soh_v1_1_0020,soh_v1_1_0020,"soh_v1_1_0020,0.896275,0.258000,277204,271880,110580",OK,,soh_v1_1_0020,True,0.896275,0.258,277204,271880,110580
soh_v1_1_0021,soh_v1_1_0021,"soh_v1_1_0021,0.895096,0.263000,277204,271880,110580",OK,,soh_v1_1_0021,True,0.895096,0.263,277204,271880,110580
soh_v1_1_0022,soh_v1_1_0022,"soh_v1_1_0022,0.889232,0.261000,277204,271880,110580",OK,,soh_v1_1_0022,True,0.889232,0.261,277204,271880,110580
soh_v1_1_0023,soh_v1_1_0023,"soh_v1_1_0023,0.887595,0.253000,277204,271880,110580",OK,,soh_v1_1_0023,True,0.887595,0.253,277204,271880,110580
soh_v1_1_0024,soh_v1_1_0024,"soh_v1_1_0024,0.877747,0.250000,277204,271880,110580",OK,,soh_v1_1_0024,True,0.877747,0.25,277204,271880,110580
soh_v1_1_0025,soh_v1_1_0025,"soh_v1_1_0025,0.882195,0.253000,277204,271880,110580",OK,,soh_v1_1_0025,True,0.882195,0.253,277204,271880,110580
soh_v1_1_0026,soh_v1_1_0026,"soh_v1_1_0026,0.883253,0.260000,277204,271880,110580",OK,,soh_v1_1_0026,True,0.883253,0.26,277204,271880,110580
soh_v1_1_0027,soh_v1_1_0027,"soh_v1_1_0027,0.869275,0.253000,277204,271880,110580",OK,,soh_v1_1_0027,True,0.869275,0.253,277204,271880,110580
soh_v1_1_0028,soh_v1_1_0028,"soh_v1_1_0028,0.874737,0.250000,277204,271880,110580",OK,,soh_v1_1_0028,True,0.874737,0.25,277204,271880,110580
soh_v1_1_0029,soh_v1_1_0029,"soh_v1_1_0029,0.871176,0.252000,277204,271880,110580",OK,,soh_v1_1_0029,True,0.871176,0.252,277204,271880,110580
soh_v1_1_0030,soh_v1_1_0030,"soh_v1_1_0030,0.860798,0.251000,277204,271880,110580",OK,,soh_v1_1_0030,True,0.860798,0.251,277204,271880,110580
soh_v1_1_0031,soh_v1_1_0031,"soh_v1_1_0031,0.862093,0.261000,277204,271880,110580",OK,,soh_v1_1_0031,True,0.862093,0.261,277204,271880,110580
soh_v1_1_0032,soh_v1_1_0032,"soh_v1_1_0032,0.843888,0.261000,277204,271880,110580",OK,,soh_v1_1_0032,True,0.843888,0.261,277204,271880,110580
soh_v1_1_0033,soh_v1_1_0033,"soh_v1_1_0033,0.854806,0.252000,277204,271880,110580",OK,,soh_v1_1_0033,True,0.854806,0.252,277204,271880,110580
soh_v1_1_0034,soh_v1_1_0034,"soh_v1_1_0034,0.849804,0.261000,277204,271880,110580",OK,,soh_v1_1_0034,True,0.849804,0.261,277204,271880,110580
soh_v1_1_0035,soh_v1_1_0035,"soh_v1_1_0035,0.840328,0.253000,277204,271880,110580",OK,,soh_v1_1_0035,True,0.840328,0.253,277204,271880,110580
soh_v1_1_0036,soh_v1_1_0036,"soh_v1_1_0036,0.848045,0.251000,277204,271880,110580",OK,,soh_v1_1_0036,True,0.848045,0.251,277204,271880,110580
soh_v1_1_0037,soh_v1_1_0037,"soh_v1_1_0037,0.850019,0.262000,277204,271880,110580",OK,,soh_v1_1_0037,True,0.850019,0.262,277204,271880,110580
soh_v1_1_0038,soh_v1_1_0038,"soh_v1_1_0038,0.837326,0.250000,277204,271880,110580",OK,,soh_v1_1_0038,True,0.837326,0.25,277204,271880,110580
soh_v1_1_0039,soh_v1_1_0039,"soh_v1_1_0039,0.838680,0.253000,277204,271880,110580",OK,,soh_v1_1_0039,True,0.83868,0.253,277204,271880,110580
soh_v1_1_0040,soh_v1_1_0040,"soh_v1_1_0040,0.839266,0.251000,277204,271880,110580",OK,,soh_v1_1_0040,True,0.839266,0.251,277204,271880,110580
soh_v1_1_0041,soh_v1_1_0041,"soh_v1_1_0041,0.833994,0.263000,277204,271880,110580",OK,,soh_v1_1_0041,True,0.833994,0.263,277204,271880,110580
soh_v1_1_0042,soh_v1_1_0042,"soh_v1_1_0042,0.818785,0.261000,277204,271880,110580",OK,,soh_v1_1_0042,True,0.818785,0.261,277204,271880,110580
soh_v1_1_0043,soh_v1_1_0043,"soh_v1_1_0043,0.828873,0.253000,277204,271880,110580",OK,,soh_v1_1_0043,True,0.828873,0.253,277204,271880,110580
soh_v1_1_0044,soh_v1_1_0044,"soh_v1_1_0044,0.825824,0.251000,277204,271880,110580",OK,,soh_v1_1_0044,True,0.825824,0.251,277204,271880,110580
soh_v1_1_0045,soh_v1_1_0045,"soh_v1_1_0045,0.811531,0.252000,277204,271880,110580",OK,,soh_v1_1_0045,True,0.811531,0.252,277204,271880,110580
soh_v1_1_0046,soh_v1_1_0046,"soh_v1_1_0046,0.815246,0.250000,277204,271880,110580",OK,,soh_v1_1_0046,True,0.815246,0.25,277204,271880,110580
soh_v1_1_0047,soh_v1_1_0047,"soh_v1_1_0047,0.803703,0.253000,277204,271880,110580",OK,,soh_v1_1_0047,True,0.803703,0.253,277204,271880,110580
soh_v1_1_0048,soh_v1_1_0048,"soh_v1_1_0048,0.814225,0.250000,277204,271880,110580",OK,,soh_v1_1_0048,True,0.814225,0.25,277204,271880,110580
soh_v1_1_0049,soh_v1_1_0049,"soh_v1_1_0049,0.811174,0.253000,277204,271880,110580",OK,,soh_v1_1_0049,True,0.811174,0.253,277204,271880,110580
soh_v1_1_0050,soh_v1_1_0050,"soh_v1_1_0050,0.800839,0.250000,277204,271880,110580",OK,,soh_v1_1_0050,True,0.800839,0.25,277204,271880,110580
soh_v1_1_0051,soh_v1_1_0051,"soh_v1_1_0051,0.804837,0.253000,277204,271880,110580",OK,,soh_v1_1_0051,True,0.804837,0.253,277204,271880,110580
soh_v1_1_0052,soh_v1_1_0052,"soh_v1_1_0052,0.804743,0.261000,277204,271880,110580",OK,,soh_v1_1_0052,True,0.804743,0.261,277204,271880,110580
soh_v1_1_0053,soh_v1_1_0053,"soh_v1_1_0053,0.796486,0.253000,277204,271880,110580",OK,,soh_v1_1_0053,True,0.796486,0.253,277204,271880,110580
soh_v1_1_0054,soh_v1_1_0054,"soh_v1_1_0054,0.801738,0.251000,277204,271880,110580",OK,,soh_v1_1_0054,True,0.801738,0.251,277204,271880,110580
soh_v1_1_0055,soh_v1_1_0055,"soh_v1_1_0055,0.799302,0.253000,277204,271880,110580",OK,,soh_v1_1_0055,True,0.799302,0.253,277204,271880,110580
soh_v1_1_0056,soh_v1_1_0056,"soh_v1_1_0056,0.786710,0.250000,277204,271880,110580",OK,,soh_v1_1_0056,True,0.78671,0.25,277204,271880,110580
soh_v1_1_0057,soh_v1_1_0057,"soh_v1_1_0057,0.794849,0.253000,277204,271880,110580",OK,,soh_v1_1_0057,True,0.794849,0.253,277204,271880,110580
soh_v1_1_0058,soh_v1_1_0058,"soh_v1_1_0058,0.796235,0.251000,277204,271880,110580",OK,,soh_v1_1_0058,True,0.796235,0.251,277204,271880,110580
soh_v1_1_0059,soh_v1_1_0059,"soh_v1_1_0059,0.783069,0.263000,277204,271880,110580",OK,,soh_v1_1_0059,True,0.783069,0.263,277204,271880,110580
soh_v1_1_0060,soh_v1_1_0060,"soh_v1_1_0060,0.790313,0.251000,277204,271880,110580",OK,,soh_v1_1_0060,True,0.790313,0.251,277204,271880,110580
soh_v1_1_0061,soh_v1_1_0061,"soh_v1_1_0061,0.791133,0.253000,277204,271880,110580",OK,,soh_v1_1_0061,True,0.791133,0.253,277204,271880,110580
soh_v1_1_0062,soh_v1_1_0062,"soh_v1_1_0062,0.784012,0.250000,277204,271880,110580",OK,,soh_v1_1_0062,True,0.784012,0.25,277204,271880,110580
soh_v1_1_0063,soh_v1_1_0063,"soh_v1_1_0063,0.786937,0.253000,277204,271880,110580",OK,,soh_v1_1_0063,True,0.786937,0.253,277204,271880,110580
soh_v1_1_0064,soh_v1_1_0064,"soh_v1_1_0064,0.784931,0.250000,277204,271880,110580",OK,,soh_v1_1_0064,True,0.784931,0.25,277204,271880,110580
soh_v1_1_0065,soh_v1_1_0065,"soh_v1_1_0065,0.778376,0.252000,277204,271880,110580",OK,,soh_v1_1_0065,True,0.778376,0.252,277204,271880,110580
soh_v1_1_0066,soh_v1_1_0066,"soh_v1_1_0066,0.778133,0.258000,277204,271880,110580",OK,,soh_v1_1_0066,True,0.778133,0.258,277204,271880,110580
soh_v1_1_0067,soh_v1_1_0067,"soh_v1_1_0067,0.798512,0.263000,277204,271880,110580",OK,,soh_v1_1_0067,True,0.798512,0.263,277204,271880,110580
soh_v1_1_0068,soh_v1_1_0068,"soh_v1_1_0068,0.777068,0.251000,277204,271880,110580",OK,,soh_v1_1_0068,True,0.777068,0.251,277204,271880,110580
soh_v1_1_0069,soh_v1_1_0069,"soh_v1_1_0069,0.773145,0.252000,277204,271880,110580",OK,,soh_v1_1_0069,True,0.773145,0.252,277204,271880,110580
soh_v1_1_0070,soh_v1_1_0070,"soh_v1_1_0070,0.771763,0.251000,277204,271880,110580",OK,,soh_v1_1_0070,True,0.771763,0.251,277204,271880,110580
soh_v1_1_0071,soh_v1_1_0071,"soh_v1_1_0071,0.772040,0.253000,277204,271880,110580",OK,,soh_v1_1_0071,True,0.77204,0.253,277204,271880,110580
soh_v1_1_0072,soh_v1_1_0072,"soh_v1_1_0072,0.779820,0.251000,277204,271880,110580",OK,,soh_v1_1_0072,True,0.77982,0.251,277204,271880,110580
soh_v1_1_0073,soh_v1_1_0073,"soh_v1_1_0073,0.762191,0.252000,277204,271880,110580",OK,,soh_v1_1_0073,True,0.762191,0.252,277204,271880,110580
soh_v1_1_0074,soh_v1_1_0074,"soh_v1_1_0074,0.767718,0.250000,277204,271880,110580",OK,,soh_v1_1_0074,True,0.767718,0.25,277204,271880,110580
soh_v1_1_0075,soh_v1_1_0075,"soh_v1_1_0075,0.762917,0.253000,277204,271880,110580",OK,,soh_v1_1_0075,True,0.762917,0.253,277204,271880,110580
soh_v1_1_0076,soh_v1_1_0076,"soh_v1_1_0076,0.756934,0.250000,277204,271880,110580",OK,,soh_v1_1_0076,True,0.756934,0.25,277204,271880,110580
soh_v1_1_0077,soh_v1_1_0077,"soh_v1_1_0077,0.760723,0.252000,277204,271880,110580",OK,,soh_v1_1_0077,True,0.760723,0.252,277204,271880,110580
soh_v1_1_0078,soh_v1_1_0078,"soh_v1_1_0078,0.996156,0.259000,277220,271880,110580",OK,,soh_v1_1_0078,True,0.996156,0.259,277220,271880,110580
soh_v1_1_0079,soh_v1_1_0079,"soh_v1_1_0079,0.986993,0.253000,277204,271880,110580",OK,,soh_v1_1_0079,True,0.986993,0.253,277204,271880,110580
soh_v1_1_0080,soh_v1_1_0080,"soh_v1_1_0080,0.979145,0.250000,277204,271880,110580",OK,,soh_v1_1_0080,True,0.979145,0.25,277204,271880,110580
soh_v1_1_0081,soh_v1_1_0081,"soh_v1_1_0081,0.978985,0.252000,277204,271880,110580",OK,,soh_v1_1_0081,True,0.978985,0.252,277204,271880,110580
soh_v1_1_0082,soh_v1_1_0082,"soh_v1_1_0082,0.966492,0.251000,277204,271880,110580",OK,,soh_v1_1_0082,True,0.966492,0.251,277204,271880,110580
soh_v1_1_0083,soh_v1_1_0083,"soh_v1_1_0083,0.964189,0.260000,277204,271880,110580",OK,,soh_v1_1_0083,True,0.964189,0.26,277204,271880,110580
soh_v1_1_0084,soh_v1_1_0084,"soh_v1_1_0084,0.962721,0.260000,277204,271880,110580",OK,,soh_v1_1_0084,True,0.962721,0.26,277204,271880,110580
soh_v1_1_0085,soh_v1_1_0085,"soh_v1_1_0085,0.954727,0.253000,277204,271880,110580",OK,,soh_v1_1_0085,True,0.954727,0.253,277204,271880,110580
soh_v1_1_0086,soh_v1_1_0086,"soh_v1_1_0086,0.954636,0.250000,277204,271880,110580",OK,,soh_v1_1_0086,True,0.954636,0.25,277204,271880,110580
soh_v1_1_0087,soh_v1_1_0087,"soh_v1_1_0087,0.949490,0.261000,277204,271880,110580",OK,,soh_v1_1_0087,True,0.94949,0.261,277204,271880,110580
soh_v1_1_0088,soh_v1_1_0088,"soh_v1_1_0088,0.945308,0.260000,277204,271880,110580",OK,,soh_v1_1_0088,True,0.945308,0.26,277204,271880,110580
soh_v1_1_0089,soh_v1_1_0089,"soh_v1_1_0089,0.942674,0.253000,277204,271880,110580",OK,,soh_v1_1_0089,True,0.942674,0.253,277204,271880,110580
soh_v1_1_0090,soh_v1_1_0090,"soh_v1_1_0090,0.940721,0.250000,277204,271880,110580",OK,,soh_v1_1_0090,True,0.940721,0.25,277204,271880,110580
soh_v1_1_0091,soh_v1_1_0091,"soh_v1_1_0091,0.936938,0.253000,277204,271880,110580",OK,,soh_v1_1_0091,True,0.936938,0.253,277204,271880,110580
soh_v1_1_0092,soh_v1_1_0092,"soh_v1_1_0092,0.933024,0.251000,277204,271880,110580",OK,,soh_v1_1_0092,True,0.933024,0.251,277204,271880,110580
soh_v1_1_0093,soh_v1_1_0093,"soh_v1_1_0093,0.919690,0.253000,277204,271880,110580",OK,,soh_v1_1_0093,True,0.91969,0.253,277204,271880,110580
soh_v1_1_0094,soh_v1_1_0094,"soh_v1_1_0094,0.912192,0.251000,277204,271880,110580",OK,,soh_v1_1_0094,True,0.912192,0.251,277204,271880,110580
soh_v1_1_0095,soh_v1_1_0095,"soh_v1_1_0095,0.907599,0.253000,277204,271880,110580",OK,,soh_v1_1_0095,True,0.907599,0.253,277204,271880,110580
soh_v1_1_0096,soh_v1_1_0096,"soh_v1_1_0096,0.902579,0.251000,277204,271880,110580",OK,,soh_v1_1_0096,True,0.902579,0.251,277204,271880,110580
soh_v1_1_0097,soh_v1_1_0097,"soh_v1_1_0097,0.902152,0.252000,277204,271880,110580",OK,,soh_v1_1_0097,True,0.902152,0.252,277204,271880,110580
soh_v1_1_0098,soh_v1_1_0098,"soh_v1_1_0098,0.891806,0.250000,277204,271880,110580",OK,,soh_v1_1_0098,True,0.891806,0.25,277204,271880,110580
soh_v1_1_0099,soh_v1_1_0099,"soh_v1_1_0099,0.896592,0.253000,277204,271880,110580",OK,,soh_v1_1_0099,True,0.896592,0.253,277204,271880,110580
soh_v1_1_0100,soh_v1_1_0100,"soh_v1_1_0100,0.889149,0.251000,277204,271880,110580",OK,,soh_v1_1_0100,True,0.889149,0.251,277204,271880,110580
soh_v1_1_0101,soh_v1_1_0101,"soh_v1_1_0101,0.892329,0.253000,277204,271880,110580",OK,,soh_v1_1_0101,True,0.892329,0.253,277204,271880,110580
soh_v1_1_0102,soh_v1_1_0102,"soh_v1_1_0102,0.876061,0.251000,277204,271880,110580",OK,,soh_v1_1_0102,True,0.876061,0.251,277204,271880,110580
soh_v1_1_0103,soh_v1_1_0103,"soh_v1_1_0103,0.882531,0.252000,277204,271880,110580",OK,,soh_v1_1_0103,True,0.882531,0.252,277204,271880,110580
soh_v1_1_0104,soh_v1_1_0104,"soh_v1_1_0104,0.878335,0.251000,277204,271880,110580",OK,,soh_v1_1_0104,True,0.878335,0.251,277204,271880,110580
soh_v1_1_0105,soh_v1_1_0105,"soh_v1_1_0105,0.862189,0.253000,277204,271880,110580",OK,,soh_v1_1_0105,True,0.862189,0.253,277204,271880,110580
soh_v1_1_0106,soh_v1_1_0106,"soh_v1_1_0106,0.878189,0.250000,277204,271880,110580",OK,,soh_v1_1_0106,True,0.878189,0.25,277204,271880,110580
soh_v1_1_0107,soh_v1_1_0107,"soh_v1_1_0107,0.868287,0.263000,277204,271880,110580",OK,,soh_v1_1_0107,True,0.868287,0.263,277204,271880,110580
soh_v1_1_0108,soh_v1_1_0108,"soh_v1_1_0108,0.854592,0.261000,277204,271880,110580",OK,,soh_v1_1_0108,True,0.854592,0.261,277204,271880,110580
soh_v1_1_0109,soh_v1_1_0109,"soh_v1_1_0109,0.859906,0.253000,277204,271880,110580",OK,,soh_v1_1_0109,True,0.859906,0.253,277204,271880,110580
soh_v1_1_0110,soh_v1_1_0110,"soh_v1_1_0110,0.848323,0.259000,277204,271880,110580",OK,,soh_v1_1_0110,True,0.848323,0.259,277204,271880,110580
soh_v1_1_0111,soh_v1_1_0111,"soh_v1_1_0111,0.853077,0.263000,277204,271880,110580",OK,,soh_v1_1_0111,True,0.853077,0.263,277204,271880,110580
soh_v1_1_0112,soh_v1_1_0112,"soh_v1_1_0112,0.843815,0.261000,277204,271880,110580",OK,,soh_v1_1_0112,True,0.843815,0.261,277204,271880,110580
soh_v1_1_0113,soh_v1_1_0113,"soh_v1_1_0113,0.841319,0.260000,277204,271880,110580",OK,,soh_v1_1_0113,True,0.841319,0.26,277204,271880,110580
soh_v1_1_0114,soh_v1_1_0114,"soh_v1_1_0114,0.842983,0.259000,277204,271880,110580",OK,,soh_v1_1_0114,True,0.842983,0.259,277204,271880,110580
soh_v1_1_0115,soh_v1_1_0115,"soh_v1_1_0115,0.845459,0.263000,277204,271880,110580",OK,,soh_v1_1_0115,True,0.845459,0.263,277204,271880,110580
soh_v1_1_0116,soh_v1_1_0116,"soh_v1_1_0116,0.836654,0.251000,277204,271880,110580",OK,,soh_v1_1_0116,True,0.836654,0.251,277204,271880,110580
soh_v1_1_0117,soh_v1_1_0117,"soh_v1_1_0117,0.838607,0.263000,277204,271880,110580",OK,,soh_v1_1_0117,True,0.838607,0.263,277204,271880,110580
soh_v1_1_0118,soh_v1_1_0118,"soh_v1_1_0118,0.838580,0.251000,277204,271880,110580",OK,,soh_v1_1_0118,True,0.83858,0.251,277204,271880,110580
soh_v1_1_0119,soh_v1_1_0119,"soh_v1_1_0119,0.837352,0.253000,277204,271880,110580",OK,,soh_v1_1_0119,True,0.837352,0.253,277204,271880,110580
