sample_id,mode,soc_raw_model,soc_clipped_reference,is_saturated,saturation_reason,source,acceptance_criterion,mae_threshold
gv_01,EXTENDED,0.20849036,0.20849036,0,NONE,canonical_golden_vectors,soc_clipped_reference,0.001
gv_02,EXTENDED,0.9252088,0.9252088,0,NONE,canonical_golden_vectors,soc_clipped_reference,0.001
gv_03,EXTENDED,0.85452135,0.85452135,0,NONE,canonical_golden_vectors,soc_clipped_reference,0.001
gv_04,EXTENDED,0.80938605,0.80938605,0,NONE,canonical_golden_vectors,soc_clipped_reference,0.001
gv_05,EXTENDED,0.56388493,0.56388493,0,NONE,canonical_golden_vectors,soc_clipped_reference,0.001
gv_06,EXTENDED,1.14829584,1.0,1,model_output_above_1,canonical_golden_vectors,soc_clipped_reference,0.001
gv_07,EXTENDED,0.9455571,0.9455571,0,NONE,canonical_golden_vectors,soc_clipped_reference,0.001
gv_08,EXTENDED,0.72120316,0.72120316,0,NONE,canonical_golden_vectors,soc_clipped_reference,0.001
gv_09,EXTENDED,0.69775759,0.69775759,0,NONE,canonical_golden_vectors,soc_clipped_reference,0.001
gv_10,EXTENDED,0.58844559,0.58844559,0,NONE,canonical_golden_vectors,soc_clipped_reference,0.001
gv_11,EXTENDED,0.7605062,0.7605062,0,NONE,canonical_golden_vectors,soc_clipped_reference,0.001
gv_12,EXTENDED,0.50720861,0.50720861,0,NONE,canonical_golden_vectors,soc_clipped_reference,0.001
gv_13,EXTENDED,0.68933806,0.68933806,0,NONE,canonical_golden_vectors,soc_clipped_reference,0.001
gv_14,EXTENDED,0.85807403,0.85807403,0,NONE,canonical_golden_vectors,soc_clipped_reference,0.001
gv_15,EXTENDED,0.83557006,0.83557006,0,NONE,canonical_golden_vectors,soc_clipped_reference,0.001
gv_16,EXTENDED,0.74186782,0.74186782,0,NONE,canonical_golden_vectors,soc_clipped_reference,0.001
gv_17,EXTENDED,1.05824279,1.0,1,model_output_above_1,canonical_golden_vectors,soc_clipped_reference,0.001
gv_18,EXTENDED,0.74888651,0.74888651,0,NONE,canonical_golden_vectors,soc_clipped_reference,0.001
gv_19,EXTENDED,1.04627404,1.0,1,model_output_above_1,canonical_golden_vectors,soc_clipped_reference,0.001
gv_20,EXTENDED,0.18677466,0.18677466,0,NONE,canonical_golden_vectors,soc_clipped_reference,0.001
iot_0000,EXTENDED,0.15533014,0.15533014,0,NONE,real_iot_validation_inputs,soc_clipped_reference,0.001
iot_0001,EXTENDED,0.40202747,0.40202747,0,NONE,real_iot_validation_inputs,soc_clipped_reference,0.001
iot_0002,EXTENDED,0.38515062,0.38515062,0,NONE,real_iot_validation_inputs,soc_clipped_reference,0.001
iot_0003,EXTENDED,0.62934232,0.62934232,0,NONE,real_iot_validation_inputs,soc_clipped_reference,0.001
iot_0004,EXTENDED,0.88102205,0.88102205,0,NONE,real_iot_validation_inputs,soc_clipped_reference,0.001
iot_0005,EXTENDED,0.25004339,0.25004339,0,NONE,real_iot_validation_inputs,soc_clipped_reference,0.001
iot_0006,EXTENDED,0.33160275,0.33160275,0,NONE,real_iot_validation_inputs,soc_clipped_reference,0.001
iot_0007,EXTENDED,0.18945098,0.18945098,0,NONE,real_iot_validation_inputs,soc_clipped_reference,0.001
iot_0008,EXTENDED,0.8523842,0.8523842,0,NONE,real_iot_validation_inputs,soc_clipped_reference,0.001
iot_0009,EXTENDED,-0.00126228,0.0,1,model_output_below_0,real_iot_validation_inputs,soc_clipped_reference,0.001
iot_0010,EXTENDED,0.32503689,0.32503689,0,NONE,real_iot_validation_inputs,soc_clipped_reference,0.001
iot_0011,EXTENDED,0.52399589,0.52399589,0,NONE,real_iot_validation_inputs,soc_clipped_reference,0.001
iot_0012,EXTENDED,0.62218221,0.62218221,0,NONE,real_iot_validation_inputs,soc_clipped_reference,0.001
iot_0013,EXTENDED,0.00868512,0.00868512,0,NONE,real_iot_validation_inputs,soc_clipped_reference,0.001
iot_0014,EXTENDED,0.55963835,0.55963835,0,NONE,real_iot_validation_inputs,soc_clipped_reference,0.001
iot_0015,EXTENDED,0.70368501,0.70368501,0,NONE,real_iot_validation_inputs,soc_clipped_reference,0.001
iot_0016,EXTENDED,0.41340442,0.41340442,0,NONE,real_iot_validation_inputs,soc_clipped_reference,0.001
iot_0017,EXTENDED,0.8158731,0.8158731,0,NONE,real_iot_validation_inputs,soc_clipped_reference,0.001
iot_0018,EXTENDED,0.72744659,0.72744659,0,NONE,real_iot_validation_inputs,soc_clipped_reference,0.001
iot_0019,EXTENDED,0.16108461,0.16108461,0,NONE,real_iot_validation_inputs,soc_clipped_reference,0.001
iot_0020,EXTENDED,0.27847136,0.27847136,0,NONE,real_iot_validation_inputs,soc_clipped_reference,0.001
iot_0021,EXTENDED,0.43708057,0.43708057,0,NONE,real_iot_validation_inputs,soc_clipped_reference,0.001
iot_0022,EXTENDED,0.83894416,0.83894416,0,NONE,real_iot_validation_inputs,soc_clipped_reference,0.001
iot_0023,EXTENDED,0.12278022,0.12278022,0,NONE,real_iot_validation_inputs,soc_clipped_reference,0.001
iot_0024,EXTENDED,0.31287333,0.31287333,0,NONE,real_iot_validation_inputs,soc_clipped_reference,0.001
iot_0025,EXTENDED,0.09359281,0.09359281,0,NONE,real_iot_validation_inputs,soc_clipped_reference,0.001
iot_0026,EXTENDED,0.12217683,0.12217683,0,NONE,real_iot_validation_inputs,soc_clipped_reference,0.001
iot_0027,EXTENDED,0.71391428,0.71391428,0,NONE,real_iot_validation_inputs,soc_clipped_reference,0.001
iot_0028,EXTENDED,0.73425886,0.73425886,0,NONE,real_iot_validation_inputs,soc_clipped_reference,0.001
iot_0029,EXTENDED,0.75526064,0.75526064,0,NONE,real_iot_validation_inputs,soc_clipped_reference,0.001
iot_0030,EXTENDED,0.52294825,0.52294825,0,NONE,real_iot_validation_inputs,soc_clipped_reference,0.001
iot_0031,EXTENDED,0.86918646,0.86918646,0,NONE,real_iot_validation_inputs,soc_clipped_reference,0.001
iot_0032,EXTENDED,0.45187766,0.45187766,0,NONE,real_iot_validation_inputs,soc_clipped_reference,0.001
iot_0033,EXTENDED,0.69912867,0.69912867,0,NONE,real_iot_validation_inputs,soc_clipped_reference,0.001
iot_0034,EXTENDED,0.06433432,0.06433432,0,NONE,real_iot_validation_inputs,soc_clipped_reference,0.001
iot_0035,EXTENDED,0.20716275,0.20716275,0,NONE,real_iot_validation_inputs,soc_clipped_reference,0.001
iot_0036,EXTENDED,0.87920893,0.87920893,0,NONE,real_iot_validation_inputs,soc_clipped_reference,0.001
iot_0037,EXTENDED,0.62785716,0.62785716,0,NONE,real_iot_validation_inputs,soc_clipped_reference,0.001
iot_0038,EXTENDED,0.87060229,0.87060229,0,NONE,real_iot_validation_inputs,soc_clipped_reference,0.001
iot_0039,EXTENDED,0.73122999,0.73122999,0,NONE,real_iot_validation_inputs,soc_clipped_reference,0.001
iot_0040,EXTENDED,0.4193185,0.4193185,0,NONE,real_iot_validation_inputs,soc_clipped_reference,0.001
iot_0041,EXTENDED,0.82641206,0.82641206,0,NONE,real_iot_validation_inputs,soc_clipped_reference,0.001
iot_0042,EXTENDED,0.49078036,0.49078036,0,NONE,real_iot_validation_inputs,soc_clipped_reference,0.001
iot_0043,EXTENDED,0.23491873,0.23491873,0,NONE,real_iot_validation_inputs,soc_clipped_reference,0.001
iot_0044,EXTENDED,0.52851021,0.52851021,0,NONE,real_iot_validation_inputs,soc_clipped_reference,0.001
iot_0045,EXTENDED,0.51292764,0.51292764,0,NONE,real_iot_validation_inputs,soc_clipped_reference,0.001
iot_0046,EXTENDED,-0.01189043,0.0,1,model_output_below_0,real_iot_validation_inputs,soc_clipped_reference,0.001
iot_0047,EXTENDED,0.08713865,0.08713865,0,NONE,real_iot_validation_inputs,soc_clipped_reference,0.001
iot_0048,EXTENDED,0.80163692,0.80163692,0,NONE,real_iot_validation_inputs,soc_clipped_reference,0.001
iot_0049,EXTENDED,0.40608172,0.40608172,0,NONE,real_iot_validation_inputs,soc_clipped_reference,0.001
iot_0050,EXTENDED,0.27433403,0.27433403,0,NONE,real_iot_validation_inputs,soc_clipped_reference,0.001
iot_0051,EXTENDED,0.78362078,0.78362078,0,NONE,real_iot_validation_inputs,soc_clipped_reference,0.001
iot_0052,EXTENDED,0.30762816,0.30762816,0,NONE,real_iot_validation_inputs,soc_clipped_reference,0.001
iot_0053,EXTENDED,0.00474485,0.00474485,0,NONE,real_iot_validation_inputs,soc_clipped_reference,0.001
iot_0054,EXTENDED,0.20057744,0.20057744,0,NONE,real_iot_validation_inputs,soc_clipped_reference,0.001
iot_0055,EXTENDED,0.9812521,0.9812521,0,NONE,real_iot_validation_inputs,soc_clipped_reference,0.001
iot_0056,EXTENDED,0.23011572,0.23011572,0,NONE,real_iot_validation_inputs,soc_clipped_reference,0.001
iot_0057,EXTENDED,0.85953561,0.85953561,0,NONE,real_iot_validation_inputs,soc_clipped_reference,0.001
iot_0058,EXTENDED,0.53256443,0.53256443,0,NONE,real_iot_validation_inputs,soc_clipped_reference,0.001
iot_0059,EXTENDED,0.4199334,0.4199334,0,NONE,real_iot_validation_inputs,soc_clipped_reference,0.001
iot_0060,EXTENDED,0.80396957,0.80396957,0,NONE,real_iot_validation_inputs,soc_clipped_reference,0.001
iot_0061,EXTENDED,0.96801096,0.96801096,0,NONE,real_iot_validation_inputs,soc_clipped_reference,0.001
iot_0062,EXTENDED,0.80269804,0.80269804,0,NONE,real_iot_validation_inputs,soc_clipped_reference,0.001
iot_0063,EXTENDED,0.38305637,0.38305637,0,NONE,real_iot_validation_inputs,soc_clipped_reference,0.001
iot_0064,EXTENDED,0.84137377,0.84137377,0,NONE,real_iot_validation_inputs,soc_clipped_reference,0.001
iot_0065,EXTENDED,0.45528962,0.45528962,0,NONE,real_iot_validation_inputs,soc_clipped_reference,0.001
iot_0066,EXTENDED,0.60814603,0.60814603,0,NONE,real_iot_validation_inputs,soc_clipped_reference,0.001
iot_0067,EXTENDED,0.61261873,0.61261873,0,NONE,real_iot_validation_inputs,soc_clipped_reference,0.001
iot_0068,EXTENDED,0.70637585,0.70637585,0,NONE,real_iot_validation_inputs,soc_clipped_reference,0.001
iot_0069,EXTENDED,0.85345606,0.85345606,0,NONE,real_iot_validation_inputs,soc_clipped_reference,0.001
iot_0070,EXTENDED,0.30955344,0.30955344,0,NONE,real_iot_validation_inputs,soc_clipped_reference,0.001
iot_0071,EXTENDED,0.21472378,0.21472378,0,NONE,real_iot_validation_inputs,soc_clipped_reference,0.001
iot_0072,EXTENDED,0.71508699,0.71508699,0,NONE,real_iot_validation_inputs,soc_clipped_reference,0.001
iot_0073,EXTENDED,0.11367018,0.11367018,0,NONE,real_iot_validation_inputs,soc_clipped_reference,0.001
iot_0074,EXTENDED,-0.01627477,0.0,1,model_output_below_0,real_iot_validation_inputs,soc_clipped_reference,0.001
iot_0075,EXTENDED,0.27043949,0.27043949,0,NONE,real_iot_validation_inputs,soc_clipped_reference,0.001
iot_0076,EXTENDED,0.0985176,0.0985176,0,NONE,real_iot_validation_inputs,soc_clipped_reference,0.001
iot_0077,EXTENDED,0.47082174,0.47082174,0,NONE,real_iot_validation_inputs,soc_clipped_reference,0.001
iot_0078,EXTENDED,0.34123898,0.34123898,0,NONE,real_iot_validation_inputs,soc_clipped_reference,0.001
iot_0079,EXTENDED,0.81405695,0.81405695,0,NONE,real_iot_validation_inputs,soc_clipped_reference,0.001
iot_0080,EXTENDED,0.24881909,0.24881909,0,NONE,real_iot_validation_inputs,soc_clipped_reference,0.001
iot_0081,EXTENDED,0.00084596,0.00084596,0,NONE,real_iot_validation_inputs,soc_clipped_reference,0.001
iot_0082,EXTENDED,0.68416267,0.68416267,0,NONE,real_iot_validation_inputs,soc_clipped_reference,0.001
iot_0083,EXTENDED,0.77381244,0.77381244,0,NONE,real_iot_validation_inputs,soc_clipped_reference,0.001
iot_0084,EXTENDED,0.27639174,0.27639174,0,NONE,real_iot_validation_inputs,soc_clipped_reference,0.001
iot_0085,EXTENDED,0.2197804,0.2197804,0,NONE,real_iot_validation_inputs,soc_clipped_reference,0.001
iot_0086,EXTENDED,0.3807292,0.3807292,0,NONE,real_iot_validation_inputs,soc_clipped_reference,0.001
iot_0087,EXTENDED,0.04230252,0.04230252,0,NONE,real_iot_validation_inputs,soc_clipped_reference,0.001
iot_0088,EXTENDED,0.58641299,0.58641299,0,NONE,real_iot_validation_inputs,soc_clipped_reference,0.001
iot_0089,EXTENDED,0.61127089,0.61127089,0,NONE,real_iot_validation_inputs,soc_clipped_reference,0.001
iot_0090,EXTENDED,0.88967876,0.88967876,0,NONE,real_iot_validation_inputs,soc_clipped_reference,0.001
iot_0091,EXTENDED,0.60823615,0.60823615,0,NONE,real_iot_validation_inputs,soc_clipped_reference,0.001
iot_0092,EXTENDED,0.43097641,0.43097641,0,NONE,real_iot_validation_inputs,soc_clipped_reference,0.001
iot_0093,EXTENDED,0.38401267,0.38401267,0,NONE,real_iot_validation_inputs,soc_clipped_reference,0.001
iot_0094,EXTENDED,0.69920364,0.69920364,0,NONE,real_iot_validation_inputs,soc_clipped_reference,0.001
iot_0095,EXTENDED,0.63670104,0.63670104,0,NONE,real_iot_validation_inputs,soc_clipped_reference,0.001
iot_0096,EXTENDED,0.23612603,0.23612603,0,NONE,real_iot_validation_inputs,soc_clipped_reference,0.001
iot_0097,EXTENDED,0.57934112,0.57934112,0,NONE,real_iot_validation_inputs,soc_clipped_reference,0.001
iot_0098,EXTENDED,0.16111736,0.16111736,0,NONE,real_iot_validation_inputs,soc_clipped_reference,0.001
iot_0099,EXTENDED,0.88270203,0.88270203,0,NONE,real_iot_validation_inputs,soc_clipped_reference,0.001
