sample_id,mode,soc_final,soc_clipped_reference,is_saturated,inference_time_ms,anomaly_flag,status,abs_diff,row_status
0,EXTENDED,0.208489,0.20849036,0,0.788,0,PASS,1.360000000005801e-06,PASS
1,EXTENDED,0.92521,0.9252088,0,0.134,0,PASS,1.1999999999234845e-06,PASS
2,EXTENDED,0.854523,0.85452135,0,0.13,0,PASS,1.6500000000752024e-06,PASS
3,EXTENDED,0.809386,0.80938605,0,0.128,0,PASS,4.9999999918171056e-08,PASS
4,EXTENDED,0.563885,0.56388493,0,0.13,0,PASS,7.000000001866624e-08,PASS
5,EXTENDED,1.0,1.0,1,0.128,0,WARN_SAT,0.0,WARN_SAT
6,EXTENDED,0.945556,0.9455571,0,0.13,0,PASS,1.1000000000871424e-06,PASS
7,EXTENDED,0.721204,0.72120316,0,0.128,0,PASS,8.400000000019503e-07,PASS
8,EXTENDED,0.69776,0.69775759,0,0.13,0,PASS,2.410000000008239e-06,PASS
9,EXTENDED,0.588445,0.58844559,0,0.128,0,PASS,5.899999999670058e-07,PASS
10,EXTENDED,0.760507,0.7605062,0,0.13,0,PASS,8.000000000230045e-07,PASS
11,EXTENDED,0.507209,0.50720861,0,0.128,0,PASS,3.90000000072277e-07,PASS
12,EXTENDED,0.689336,0.68933806,0,0.13,0,PASS,2.06000000002593e-06,PASS
13,EXTENDED,0.858075,0.85807403,0,0.128,0,PASS,9.699999999890352e-07,PASS
14,EXTENDED,0.83557,0.83557006,0,0.13,0,PASS,5.999999996841865e-08,PASS
15,EXTENDED,0.741868,0.74186782,0,0.128,0,PASS,1.8000000001627825e-07,PASS
16,EXTENDED,1.0,1.0,1,0.13,0,WARN_SAT,0.0,WARN_SAT
17,EXTENDED,0.748886,0.74888651,0,0.128,0,PASS,5.09999999898092e-07,PASS
18,EXTENDED,1.0,1.0,1,0.13,0,WARN_SAT,0.0,WARN_SAT
19,EXTENDED,0.186775,0.18677466,0,0.128,0,PASS,3.3999999998757247e-07,PASS
20,EXTENDED,0.155331,0.15533014,0,0.13,0,PASS,8.599999999914232e-07,PASS
21,EXTENDED,0.402026,0.40202747,0,0.128,0,PASS,1.470000000003413e-06,PASS
22,EXTENDED,0.385151,0.38515062,0,0.13,0,PASS,3.800000000220294e-07,PASS
23,EXTENDED,0.629342,0.62934232,0,0.128,0,PASS,3.2000000005361073e-07,PASS
24,EXTENDED,0.881021,0.88102205,0,0.13,0,PASS,1.0499999999469267e-06,PASS
25,EXTENDED,0.250043,0.25004339,0,0.128,0,PASS,3.8999999996125467e-07,PASS
26,EXTENDED,0.331603,0.33160275,0,0.13,0,PASS,2.4999999997943334e-07,PASS
27,EXTENDED,0.18945,0.18945098,0,0.128,0,PASS,9.799999999837716e-07,PASS
28,EXTENDED,0.852384,0.8523842,0,0.13,0,PASS,2.0000000000575113e-07,PASS
29,EXTENDED,0.0,0.0,1,0.128,0,WARN_SAT,0.0,WARN_SAT
30,EXTENDED,0.325038,0.32503689,0,0.13,0,PASS,1.1099999999708565e-06,PASS
31,EXTENDED,0.523997,0.52399589,0,0.128,0,PASS,1.1100000000263677e-06,PASS
32,EXTENDED,0.622184,0.62218221,0,0.13,0,PASS,1.7900000000015126e-06,PASS
33,EXTENDED,0.008684,0.00868512,0,0.128,0,PASS,1.1199999999985527e-06,PASS
34,EXTENDED,0.559637,0.55963835,0,0.13,0,PASS,1.3499999999000423e-06,PASS
35,EXTENDED,0.703685,0.70368501,0,0.128,0,PASS,1.0000000050247593e-08,PASS
36,EXTENDED,0.413402,0.41340442,0,0.13,0,PASS,2.4200000000029753e-06,PASS
37,EXTENDED,0.815872,0.8158731,0,0.128,0,PASS,1.09999999997612e-06,PASS
38,EXTENDED,0.727449,0.72744659,0,0.13,0,PASS,2.410000000008239e-06,PASS
39,EXTENDED,0.161084,0.16108461,0,0.128,0,PASS,6.099999999842343e-07,PASS
40,EXTENDED,0.278472,0.27847136,0,0.13,0,PASS,6.399999999961992e-07,PASS
41,EXTENDED,0.437084,0.43708057,0,0.128,0,PASS,3.4299999999709563e-06,PASS
42,EXTENDED,0.838944,0.83894416,0,0.13,0,PASS,1.6000000002680537e-07,PASS
43,EXTENDED,0.122779,0.12278022,0,0.128,0,PASS,1.219999999996224e-06,PASS
44,EXTENDED,0.31288,0.31287333,0,0.13,0,PASS,6.669999999986409e-06,PASS
45,EXTENDED,0.093591,0.09359281,0,0.128,0,PASS,1.8100000000048633e-06,PASS
46,EXTENDED,0.122177,0.12217683,0,0.13,0,PASS,1.6999999999378623e-07,PASS
47,EXTENDED,0.713914,0.71391428,0,0.128,0,PASS,2.7999999996364267e-07,PASS
48,EXTENDED,0.734258,0.73425886,0,0.13,0,PASS,8.599999999914232e-07,PASS
49,EXTENDED,0.755269,0.75526064,0,0.128,0,PASS,8.359999999929535e-06,PASS
50,EXTENDED,0.52295,0.52294825,0,0.13,0,PASS,1.7500000000225668e-06,PASS
51,EXTENDED,0.869186,0.86918646,0,0.128,0,PASS,4.599999999799209e-07,PASS
52,EXTENDED,0.451879,0.45187766,0,0.13,0,PASS,1.339999999960817e-06,PASS
53,EXTENDED,0.699129,0.69912867,0,0.128,0,PASS,3.29999999992836e-07,PASS
54,EXTENDED,0.064332,0.06433432,0,0.13,0,PASS,2.3200000000000998e-06,PASS
55,EXTENDED,0.207164,0.20716275,0,0.128,0,PASS,1.2499999999804334e-06,PASS
56,EXTENDED,0.87921,0.87920893,0,0.13,0,PASS,1.070000000047422e-06,PASS
57,EXTENDED,0.627856,0.62785716,0,0.128,0,PASS,1.160000000055561e-06,PASS
58,EXTENDED,0.870602,0.87060229,0,0.13,0,PASS,2.9000000001389026e-07,PASS
59,EXTENDED,0.731232,0.73122999,0,0.128,0,PASS,2.0099999999967366e-06,PASS
60,EXTENDED,0.419319,0.4193185,0,0.13,0,PASS,5.000000000143778e-07,PASS
61,EXTENDED,0.826412,0.82641206,0,0.128,0,PASS,5.999999996841865e-08,PASS
62,EXTENDED,0.490778,0.49078036,0,0.13,0,PASS,2.3600000000345567e-06,PASS
63,EXTENDED,0.234918,0.23491873,0,0.128,0,PASS,7.300000000043383e-07,PASS
64,EXTENDED,0.528509,0.52851021,0,0.13,0,PASS,1.209999999973732e-06,PASS
65,EXTENDED,0.512926,0.51292764,0,0.128,0,PASS,1.6400000000249548e-06,PASS
66,EXTENDED,0.0,0.0,1,0.13,0,WARN_SAT,0.0,WARN_SAT
67,EXTENDED,0.087142,0.08713865,0,0.128,0,PASS,3.349999999999187e-06,PASS
68,EXTENDED,0.801637,0.80163692,0,0.13,0,PASS,8.000000006891383e-08,PASS
69,EXTENDED,0.40608,0.40608172,0,0.128,0,PASS,1.7199999999828464e-06,PASS
70,EXTENDED,0.274332,0.27433403,0,0.13,0,PASS,2.0299999999862095e-06,PASS
71,EXTENDED,0.783621,0.78362078,0,0.128,0,PASS,2.1999999999522402e-07,PASS
72,EXTENDED,0.30763,0.30762816,0,0.13,0,PASS,1.840000000030706e-06,PASS
73,EXTENDED,0.004743,0.00474485,0,0.128,0,PASS,1.850000000000289e-06,PASS
74,EXTENDED,0.200575,0.20057744,0,0.13,0,PASS,2.439999999992448e-06,PASS
75,EXTENDED,0.981253,0.9812521,0,0.128,0,PASS,9.000000000813912e-07,PASS
76,EXTENDED,0.230116,0.23011572,0,0.13,0,PASS,2.7999999999139824e-07,PASS
77,EXTENDED,0.859535,0.85953561,0,0.128,0,PASS,6.099999999564787e-07,PASS
78,EXTENDED,0.532563,0.53256443,0,0.13,0,PASS,1.429999999968956e-06,PASS
79,EXTENDED,0.419934,0.4199334,0,0.128,0,PASS,5.999999999617422e-07,PASS
80,EXTENDED,0.803971,0.80396957,0,0.13,0,PASS,1.429999999968956e-06,PASS
81,EXTENDED,0.96801,0.96801096,0,0.128,0,PASS,9.599999999387876e-07,PASS
82,EXTENDED,0.802699,0.80269804,0,0.13,0,PASS,9.6000000004981e-07,PASS
83,EXTENDED,0.383054,0.38305637,0,0.128,0,PASS,2.369999999973782e-06,PASS
84,EXTENDED,0.841373,0.84137377,0,0.13,0,PASS,7.699999999832841e-07,PASS
85,EXTENDED,0.455288,0.45528962,0,0.128,0,PASS,1.6199999999799708e-06,PASS
86,EXTENDED,0.608146,0.60814603,0,0.13,0,PASS,3.0000000039720476e-08,PASS
87,EXTENDED,0.612618,0.61261873,0,0.128,0,PASS,7.300000000043383e-07,PASS
88,EXTENDED,0.706376,0.70637585,0,0.13,0,PASS,1.4999999997655777e-07,PASS
89,EXTENDED,0.853456,0.85345606,0,0.128,0,PASS,5.999999996841865e-08,PASS
90,EXTENDED,0.309553,0.30955344,0,0.13,0,PASS,4.3999999999044803e-07,PASS
91,EXTENDED,0.214722,0.21472378,0,0.128,0,PASS,1.7800000000067762e-06,PASS
92,EXTENDED,0.715087,0.71508699,0,0.13,0,PASS,1.0000000050247593e-08,PASS
93,EXTENDED,0.113671,0.11367018,0,0.128,0,PASS,8.199999999985996e-07,PASS
94,EXTENDED,0.0,0.0,1,0.13,0,WARN_SAT,0.0,WARN_SAT
95,EXTENDED,0.270438,0.27043949,0,0.128,0,PASS,1.489999999992886e-06,PASS
96,EXTENDED,0.098521,0.0985176,0,0.13,0,PASS,3.4000000000006247e-06,PASS
97,EXTENDED,0.470823,0.47082174,0,0.128,0,PASS,1.2600000000029254e-06,PASS
98,EXTENDED,0.341238,0.34123898,0,0.13,0,PASS,9.800000000392828e-07,PASS
99,EXTENDED,0.814059,0.81405695,0,0.128,0,PASS,2.0499999999756824e-06,PASS
100,EXTENDED,0.248817,0.24881909,0,0.13,0,PASS,2.0899999999823837e-06,PASS
101,EXTENDED,0.000846,0.00084596,0,0.128,0,PASS,3.999999999997929e-08,PASS
102,EXTENDED,0.684162,0.68416267,0,0.13,0,PASS,6.699999999248973e-07,PASS
103,EXTENDED,0.773814,0.77381244,0,0.128,0,PASS,1.559999999956041e-06,PASS
104,EXTENDED,0.276394,0.27639174,0,0.13,0,PASS,2.25999999997617e-06,PASS
105,EXTENDED,0.219782,0.2197804,0,0.128,0,PASS,1.6000000000182535e-06,PASS
106,EXTENDED,0.380727,0.3807292,0,0.13,0,PASS,2.2000000000077513e-06,PASS
107,EXTENDED,0.042301,0.04230252,0,0.128,0,PASS,1.5200000000048508e-06,PASS
108,EXTENDED,0.586412,0.58641299,0,0.13,0,PASS,9.89999999978508e-07,PASS
109,EXTENDED,0.611279,0.61127089,0,0.128,0,PASS,8.110000000005613e-06,PASS
110,EXTENDED,0.889679,0.88967876,0,0.13,0,PASS,2.399999999846969e-07,PASS
111,EXTENDED,0.608237,0.60823615,0,0.128,0,PASS,8.500000000521979e-07,PASS
112,EXTENDED,0.430977,0.43097641,0,0.13,0,PASS,5.90000000022517e-07,PASS
113,EXTENDED,0.384012,0.38401267,0,0.128,0,PASS,6.699999999804085e-07,PASS
114,EXTENDED,0.699206,0.69920364,0,0.13,0,PASS,2.3599999999790455e-06,PASS
115,EXTENDED,0.636701,0.63670104,0,0.128,0,PASS,4.000000008996807e-08,PASS
116,EXTENDED,0.236124,0.23612603,0,0.13,0,PASS,2.0299999999862095e-06,PASS
117,EXTENDED,0.579341,0.57934112,0,0.128,0,PASS,1.200000000478596e-07,PASS
118,EXTENDED,0.161122,0.16111736,0,0.13,0,PASS,4.6400000000001995e-06,PASS
119,EXTENDED,0.882701,0.88270203,0,0.128,0,PASS,1.0300000000684761e-06,PASS
