category,path,required,notes
baseline_firmware,embedded/handoff_v8b2/firmware/firmware_soc_v8b2_canonical.ino,yes,Firmware float baseline V8B2
baseline_header,embedded/handoff_v8b2/include/canonical_model_weights_v8b2.h,yes,Pesos e scaler float baseline
replay_header,embedded/handoff_v8b2/include/replay_vectors_v8b2.h,yes,Vetores C usados no replay
golden_replay,embedded/handoff_v8b2/replay/canonical_golden_vectors_v8b2.csv,yes,Replay GOLDEN
extended_replay,embedded/handoff_v8b2/replay/canonical_extended_replay_v8b2.csv,yes,Replay EXTENDED
anomaly_replay,embedded/handoff_v8b2/anomaly/anomaly_replay_scenarios_v8b2.csv,yes,Cenarios ANOMALY
candidate_header,embedded/handoff_v8c_quant_benchmark/include/candidate_quantized_model.h,no,Candidato experimental quando existir
esp32_return_template,embedded/handoff_v8c_quant_benchmark/reports/template_esp32_quant_benchmark_return.csv,yes,Template de retorno dos logs

